team_id,team_name,short_name,team_code,country_id,country,country_code,founded_year,stadium,club_colors,website,address,coach_id,coach_name,coach_nationality,coach_birth_date,crest_url
1,1. FC Köln,1. FC Köln,KOE,2088,Germany,DEU,1948,RheinEnergieSTADION,Red / White,http://www.fc-koeln.de,Franz-Kremer-Allee 1 Köln 50937,,Unknown,Unknown,,https://crests.football-data.org/1.png
28,1. FC Union Berlin,Union Berlin,UNB,2088,Germany,DEU,1906,Stadion An der Alten Försterei,Red / White,http://www.fc-union-berlin.de,An der Wuhlheide 263 Berlin 12555,,Unknown,Unknown,,https://crests.football-data.org/28.png
15,1. FSV Mainz 05,Mainz,M05,2088,Germany,DEU,1905,Opel Arena,Red / White,http://www.mainz05.de,Dr.-Martin-Luther-King-Weg 20 Mainz 55122,,Unknown,Unknown,,https://crests.football-data.org/15.png
98,AC Milan,Milan,MIL,2114,Italy,ITA,1899,Stadio Giuseppe Meazza,Red / Black,http://www.acmilan.com,Via Filippo Turati 3 Milano 20121,,Unknown,Unknown,,https://crests.football-data.org/98.png
5911,AC Monza,Monza,MON,2114,Italy,ITA,1912,Stadio Comunale Brianteo,Red / White,http://www.monza1912.it,"Via Ragazzi del '99, 14 Monza 20900",,Unknown,Unknown,,https://crests.football-data.org/5911.png
99,ACF Fiorentina,Fiorentina,FIO,2114,Italy,ITA,1926,Stadio Artemio Franchi,Purple / White,http://www.acffiorentina.it,Viale Manfredo Fanti 4 Firenze 50137,,Unknown,Unknown,,https://crests.football-data.org/99.png
678,AFC Ajax,Ajax,AJA,2163,Netherlands,NLD,1900,Johan Cruyff ArenA,Red / White,http://www.ajax.nl,ArenA Boulevard 29 Amsterdam 1101 AX,,Unknown,Unknown,,https://crests.football-data.org/678.png
1044,AFC Bournemouth,Bournemouth,BOU,2072,England,ENG,1890,Vitality Stadium,Red / Black,http://www.afcb.co.uk,"Dean Court, Kings Park Bournemouth BH7 7AF",,Unknown,Unknown,,https://crests.football-data.org/bournemouth.png
548,AS Monaco FC,Monaco,ASM,2152,Monaco,MCO,1919,Stade Louis II.,Red / White,http://www.asmonaco.com,Avenue des Castellans Monaco 98000,,Unknown,Unknown,,https://crests.football-data.org/548.png
100,AS Roma,Roma,ROM,2114,Italy,ITA,1927,Stadio Olimpico,Maroon / Orange / White,http://www.asroma.it,"Via di Trigoria km. 3,600 Roma 00128",,Unknown,Unknown,,https://crests.football-data.org/100.png
57,Arsenal FC,Arsenal,ARS,2072,England,ENG,1886,Emirates Stadium,Red / White,http://www.arsenal.com,75 Drayton Park London N5 1BU,,Unknown,Unknown,,https://crests.football-data.org/57.png
58,Aston Villa FC,Aston Villa,AVL,2072,England,ENG,1872,Villa Park,Claret / Sky Blue,http://www.avfc.co.uk,Villa Park Birmingham B6 6HE,,Unknown,Unknown,,https://crests.football-data.org/58.png
102,Atalanta BC,Atalanta,ATA,2114,Italy,ITA,1904,Stadio Atleti Azzurri d'Italia,Black / Blue,http://www.atalanta.it,"Corso Europa, 46, Zingonia Ciserano 24040",,Unknown,Unknown,,https://crests.football-data.org/102.png
77,Athletic Club,Athletic,ATH,2224,Spain,ESP,1898,San Mamés,Red / White / Black,http://www.athletic-club.eus,"Ibaigane, Alameda Mazarredo, 23 Bilbao 48009",,Unknown,Unknown,,https://crests.football-data.org/77.png
3,Bayer 04 Leverkusen,Leverkusen,B04,2088,Germany,DEU,1904,BayArena,Red / White / Black,http://www.bayer04.de,Bismarckstr. 122-124 Leverkusen 51373,,Unknown,Unknown,,https://crests.football-data.org/3.png
103,Bologna FC 1909,Bologna,BOL,2114,Italy,ITA,1909,Stadio Renato Dall'Ara,Red / Blue / White,http://www.bolognafc.it,Via Casteldebole 10 Bologna 40132,,Unknown,Unknown,,https://crests.football-data.org/103.png
4,Borussia Dortmund,Dortmund,BVB,2088,Germany,DEU,1909,Signal Iduna Park,Black / Yellow,http://www.bvb.de,Rheinlanddamm 207-209 Dortmund 44137,,Unknown,Unknown,,https://crests.football-data.org/4.png
18,Borussia Mönchengladbach,M'gladbach,BMG,2088,Germany,DEU,1900,Stadion im Borussia-Park,Black / White / Green,http://www.borussia.de,Hennes-Weisweiler-Allee 1 Mönchengladbach 41179,,Unknown,Unknown,,https://crests.football-data.org/18.png
402,Brentford FC,Brentford,BRE,2072,England,ENG,1889,Griffin Park,Red / White / Black,http://www.brentfordfc.co.uk,Braemar Road Brentford TW8 0NT,,Unknown,Unknown,,https://crests.football-data.org/402.png
397,Brighton & Hove Albion FC,Brighton Hove,BHA,2072,England,ENG,1898,The American Express Community Stadium,Blue / White,http://www.seagulls.co.uk,44 North Road Brighton & Hove BN1 1YR,,Unknown,Unknown,,https://crests.football-data.org/397.png
79,CA Osasuna,Osasuna,OSA,2224,Spain,ESP,1920,Estadio El Sadar,Red / Navy Blue,http://www.osasuna.es,"Calle del Sadar, s/n Pamplona 31006",,Unknown,Unknown,,https://crests.football-data.org/79.png
104,Cagliari Calcio,Cagliari,CAG,2114,Italy,ITA,1920,Sardegna Arena,Red / Navy Blue / White,http://www.cagliaricalcio.net,Viale la Plaia 15 Cagliari 09123,,Unknown,Unknown,,https://crests.football-data.org/104.png
61,Chelsea FC,Chelsea,CHE,2072,England,ENG,1905,Stamford Bridge,Royal Blue / White,http://www.chelseafc.com,Fulham Road London SW6 1HS,,Unknown,Unknown,,https://crests.football-data.org/61.png
78,Club Atlético de Madrid,Atleti,ATL,2224,Spain,ESP,1903,Estadio Wanda Metropolitano,Red / White / Blue,http://www.clubatleticodemadrid.com,"Paseo Virgen del Puerto, 67 Madrid 28005",,Unknown,Unknown,,https://crests.football-data.org/78.png
851,Club Brugge KV,Club Brugge,BRU,2023,Belgium,BEL,1894,Jan Breydelstadion,Blue / Black,http://www.clubbrugge.be,Olympialaan 74 Brugge 8200,,Unknown,Unknown,,https://crests.football-data.org/851.png
7397,Como 1907,Como 1907,COM,2114,Italy,ITA,1907,Stadio Giuseppe Sinigaglia,Sky Blue / White,http://www.como1907.net/,Viale Sinigaglia 2 Como 22100,,Unknown,Unknown,,https://crests.football-data.org/7397.png
1076,Coventry City FC,Coventry City,COV,2072,England,ENG,1883,St Andrew's Trillion Trophy Stadium,Sky Blue / White,http://www.ccfc.co.uk,"Gallagher Retail Park, Stoney Stanton Road Coventry CV6 5QE",,Unknown,Unknown,,https://crests.football-data.org/1076.png
354,Crystal Palace FC,Crystal Palace,CRY,2072,England,ENG,1905,Selhurst Park,Red / Blue,http://www.cpfc.co.uk,Whitehorse Lane London SE25 6PU,,Unknown,Unknown,,https://crests.football-data.org/354.png
263,Deportivo Alavés,Alavés,ALA,2224,Spain,ESP,1921,Estadio de Mendizorroza,Blue / White,http://www.alaves.com,"Mendizorroza, Paseo Cervantes, s/n Vitoria 01007",,Unknown,Unknown,,https://crests.football-data.org/263.png
19,Eintracht Frankfurt,Frankfurt,SGE,2088,Germany,DEU,1899,Deutsche Bank Park,Red / Black,http://www.eintracht.de,Mörfelder Landstraße 362 Frankfurt am Main 60528,,Unknown,Unknown,,https://crests.football-data.org/19.png
285,Elche CF,Elche,ELC,2224,Spain,ESP,1923,Estadio Manuel Martínez Valero,White / Green,http://www.elchecf.es,"Avenida Manuel Martínez Valero, 3 Elche 03208",,Unknown,Unknown,,https://crests.football-data.org/285.png
62,Everton FC,Everton,EVE,2072,England,ENG,1878,Goodison Park,Blue / White,http://www.evertonfc.com,Goodison Park Liverpool L4 4EL,,Unknown,Unknown,,https://crests.football-data.org/62.png
16,FC Augsburg,Augsburg,FCA,2088,Germany,DEU,1907,WWK Arena,Red / Green / White,http://www.fcaugsburg.de,Donauwörther Straße 170 Augsburg 86154,,Unknown,Unknown,,https://crests.football-data.org/16.png
81,FC Barcelona,Barça,FCB,2224,Spain,ESP,1899,Camp Nou,Red / Navy Blue / Orange,http://www.fcbarcelona.com,Avenida Arístides Maillol s/n Barcelona 08028,,Unknown,Unknown,,https://crests.football-data.org/81.png
5,FC Bayern München,Bayern,FCB,2088,Germany,DEU,1900,Allianz Arena,Red / White / Blue,http://www.fcbayern.de,Säbenerstr. 51 München 81547,,Unknown,Unknown,,https://crests.football-data.org/5.png
108,FC Internazionale Milano,Inter,INT,2114,Italy,ITA,1908,Stadio Giuseppe Meazza,Blue / Black,http://www.inter.it,Corso Vittorio Emanuele II 9 Milano 20122,,Unknown,Unknown,,https://crests.football-data.org/108.png
1876,FC København,København,KOB,2065,Denmark,DNK,1992,Telia Parken,White / Blue,http://www.fck.dk,Per Henrik Lings Allé 2 København 2100,,Unknown,Unknown,,https://crests.football-data.org/1876.png
6,FC Schalke 04,Schalke,S04,2088,Germany,DEU,1904,Veltins-Arena,Blue / White,http://www.schalke04.de,Ernst-Kuzorra-Weg 1 Gelsenkirchen 45891,,Unknown,Unknown,,https://crests.football-data.org/6.png
5721,FK Bodø/Glimt,Bodø/Glimt,FK,2173,Norway,NOR,1916,Aspmyra Stadion,Yellow / Black,http://www.glimt.no,Postboks 179 Bodø 8001,,Unknown,Unknown,,https://crests.football-data.org/5721.png
10601,FK Kairat,FK Kairat,KAI,2119,Kazakhstan,KAZ,0,Unknown Venue,Unknown,,null null null,,Unknown,Unknown,,https://crests.football-data.org/10601.png
470,Frosinone Calcio,Frosinone,FRO,2114,Italy,ITA,1912,Stadio Benito Stirpe,Yellow / Blue,http://www.frosinonecalcio.com,"Via Marittima, 2 Frosinone 03100",,Unknown,Unknown,,https://crests.football-data.org/470.png
63,Fulham FC,Fulham,FUL,2072,England,ENG,1879,Craven Cottage,White / Black,http://www.fulhamfc.com,"Craven Cottage, Stevenage Road London SW6 6HH",,Unknown,Unknown,,https://crests.football-data.org/63.png
610,Galatasaray SK,Galatasaray,GAL,2247,Turkey,TUR,1905,Türk Telekom Arena,Red / Yellow,http://www.galatasaray.org,"Türk Telekom Arena Stadyumu, Huzur Mahallesi, Şişli İstanbul 34415",,Unknown,Unknown,,https://crests.football-data.org/610.png
107,Genoa CFC,Genoa,GEN,2114,Italy,ITA,1893,Stadio Comunale Luigi Ferraris,Red / Navy Blue,http://www.genoacfc.it,"Via Ronchi, 67 Genova 16155",,Unknown,Unknown,,https://crests.football-data.org/107.png
82,Getafe CF,Getafe,GET,2224,Spain,ESP,1946,Coliseum Alfonso Pérez,Blue / White,http://www.getafecf.com,"Avenida Teresa de Calcuta, s/n Getafe 28903",,Unknown,Unknown,,https://crests.football-data.org/82.png
7,Hamburger SV,HSV,HSV,2088,Germany,DEU,1887,Volksparkstadion,White / Red / Blue,http://www.hsv.de,Sylvesterallee 7 Hamburg 22525,,Unknown,Unknown,,https://crests.football-data.org/7.png
322,Hull City AFC,Hull City,HUL,2072,England,ENG,1904,Kingston Communications Stadium,Orange / Black,http://www.hullcitytigers.com,Walton Street Hull HU3 6HU,,Unknown,Unknown,,https://crests.football-data.org/322.png
349,Ipswich Town FC,Ipswich Town,IPS,2072,England,ENG,1887,Portman Road Stadium,Blue / White,http://www.itfc.co.uk,Portman Road Ipswich IP1 2DA,,Unknown,Unknown,,https://crests.football-data.org/349.png
109,Juventus FC,Juventus,JUV,2114,Italy,ITA,1897,Allianz Stadium,White / Black,http://www.juventus.com,"Corso Galileo Ferraris, 32 Torino 10128",,Unknown,Unknown,,https://crests.football-data.org/109.png
341,Leeds United FC,Leeds United,LEE,2072,England,ENG,1904,Elland Road,White / Blue,http://www.leedsunited.com,Elland Road Leeds LS11 0ES,,Unknown,Unknown,,https://crests.football-data.org/341.png
88,Levante UD,Levante,LEV,2224,Spain,ESP,1909,Estadio Ciudad de Valencia,Crimson / Blue,http://www.levanteud.com,"Calle San Vicente de Paúl, 44 Valencia 46019",,Unknown,Unknown,,https://crests.football-data.org/88.png
64,Liverpool FC,Liverpool,LIV,2072,England,ENG,1892,Anfield,Red / White,http://www.liverpoolfc.tv,Anfield Road Liverpool L4 0TH,,Unknown,Unknown,,https://crests.football-data.org/64.png
65,Manchester City FC,Man City,MCI,2072,England,ENG,1880,Etihad Stadium,Sky Blue / White,https://www.mancity.com,SportCity Manchester M11 3FF,,Unknown,Unknown,,https://crests.football-data.org/65.png
66,Manchester United FC,Man United,MUN,2072,England,ENG,1878,Old Trafford,Red / White,http://www.manutd.com,Sir Matt Busby Way Manchester M16 0RA,,Unknown,Unknown,,https://crests.football-data.org/66.png
84,Málaga CF,Málaga,MAL,2224,Spain,ESP,1933,Estadio La Rosaleda,Blue / White,http://www.malagacf.es,"Paseo de Martiricos, s/n Málaga 29011",,Unknown,Unknown,,https://crests.football-data.org/84.png
67,Newcastle United FC,Newcastle,NEW,2072,England,ENG,1881,St. James' Park,Black / White,http://www.nufc.co.uk,Sports Direct Arena Newcastle upon Tyne NE1 4ST,,Unknown,Unknown,,https://crests.football-data.org/67.png
351,Nottingham Forest FC,Nottingham,NOT,2072,England,ENG,1865,The City Ground,Red / White,http://www.nottinghamforest.co.uk,"Pavilion Road, West Bridgeford Nottingham NG2 5GJ",,Unknown,Unknown,,https://crests.football-data.org/351.png
516,Olympique de Marseille,Marseille,MAR,2081,France,FRA,1898,Orange Vélodrome,White / Blue,http://www.om.net,"La Commanderie, 33, traverse de La Martine Marseille 13012",,Unknown,Unknown,,https://crests.football-data.org/516.png
654,PAE Olympiakos SFP,Olympiakos,OLY,2093,Greece,GRC,1925,Stadio Georgios Karaiskáki,Red / White,http://www.olympiacos.org,Plateia Alexandras Piraeus 18534,,Unknown,Unknown,,https://crests.football-data.org/654.png
674,PSV,PSV,PSV,2163,Netherlands,NLD,1913,Philips Stadion,Red / White,http://www.psv.nl,Fredriklaan 10a Eindhoven 5616 NH,,Unknown,Unknown,,https://crests.football-data.org/674.png
11034,Paphos FC,Paphos FC,AEP,2061,Cyprus,CYP,0,Alphamega Stadium,Unknown,,null null null,,Unknown,Unknown,,https://crests.football-data.org/11034.png
524,Paris Saint-Germain FC,PSG,PSG,2081,France,FRA,1904,Parc des Princes,Red / Blue / White,http://www.psg.fr,"24, rue de Commandant Guibaud Paris 7501",,Unknown,Unknown,,https://crests.football-data.org/524.png
112,Parma Calcio 1913,Parma,PAR,2114,Italy,ITA,1913,Stadio Ennio Tardini,White / Black,http://www.parmacalcio1913.com,"Strada Carlo Pisacane, 4 Parma 43121",,Unknown,Unknown,,https://crests.football-data.org/112.png
611,Qarabağ Ağdam FK,Qarabağ Ağdam,QAR,2017,Azerbaijan,AZE,1951,Tofiq Bəhramov adına Respublika stadionu,Black / White,http://www.qarabagh.com,"Bakı şəhəri.Suraxanı, qəsəbəsi Ağdam null",,Unknown,Unknown,,https://crests.football-data.org/611.png
721,RB Leipzig,RB Leipzig,RBL,2088,Germany,DEU,2009,Red Bull Arena,White / Red,http://www.dierotenbullen.com,Neumarkt 29-33 Leipzig 04109,,Unknown,Unknown,,https://crests.football-data.org/721.png
558,RC Celta de Vigo,Celta,CEL,2224,Spain,ESP,1923,Estadio de Balaídos,Sky Blue / White,http://www.celtavigo.net,"Calle del Conde de Gondomar, 1 Vigo 36203",,Unknown,Unknown,,https://crests.football-data.org/558.png
560,RC Deportivo La Coruña,Deportivo,DEP,2224,Spain,ESP,1906,Estadio Abanca-Riazor,Blue / White,http://www.rcdeportivo.es,"Plaza de Pontevedra, 19 A Coruña 15003",,Unknown,Unknown,,https://crests.football-data.org/560.png
80,RCD Espanyol de Barcelona,Espanyol,ESP,2224,Spain,ESP,1900,RCDE Stadium,Blue / White,http://www.rcdespanyol.com,"Avenida Baix Llobregat, 100 Cornellà de Llobregat 08940",,Unknown,Unknown,,https://crests.football-data.org/80.png
87,Rayo Vallecano de Madrid,Rayo Vallecano,RAY,2224,Spain,ESP,1924,Estadio del Rayo Vallecano,White / Red,http://www.rayovallecano.es,"Calle del Payaso Fofó, s/n Madrid 28018",,Unknown,Unknown,,https://crests.football-data.org/87.png
90,Real Betis Balompié,Real Betis,BET,2224,Spain,ESP,1907,Estadio Benito Villamarín,Green / White,http://www.realbetisbalompie.es,"Avenida de Heliópolis, s/n Sevilla 41012",,Unknown,Unknown,,https://crests.football-data.org/90.png
86,Real Madrid CF,Real Madrid,RMA,2224,Spain,ESP,1902,Estadio Santiago Bernabéu,White / Purple,http://www.realmadrid.com,"Avenida Concha Espina, 1 Madrid 28036",,Unknown,Unknown,,https://crests.football-data.org/86.png
5335,Real Racing Club de Santander,Santander,SAN,2224,Spain,ESP,1913,Campos de Sport de El Sardinero,White / Black / Green,http://www.realracingclub.com,"Calle Real Racing Club, s/n Santander 39005",,Unknown,Unknown,,https://crests.football-data.org/5335.png
92,Real Sociedad de Fútbol,Real Sociedad,RSO,2224,Spain,ESP,1903,Estadio Municipal de Anoeta,Blue / White,http://www.realsociedad.com,"Anoeta Pasalekua, 1 San Sebastián 20014",,Unknown,Unknown,,https://crests.football-data.org/92.png
3929,Royale Union Saint-Gilloise,Union SG,USG,2023,Belgium,BEL,1897,Stade Joseph Mariën,Blue / Yellow,http://www.rusg.brussels,"Chaussée de Bruxelles, 223 Forest 1190",,Unknown,Unknown,,https://crests.football-data.org/3929.png
17,SC Freiburg,Freiburg,SCF,2088,Germany,DEU,1912,Schwarzwald-Stadion,Red / White,http://www.scfreiburg.com,Schwarzwaldstraße 193 Freiburg 79117,,Unknown,Unknown,,https://crests.football-data.org/17.png
29,SC Paderborn 07,SC Paderborn,SCP,2088,Germany,DEU,1985,Benteler-Arena,Black / Blue,http://www.scpaderborn07.de,Paderborner Str. 89 Paderborn 33104,,Unknown,Unknown,,https://crests.football-data.org/29.png
930,SK Slavia Praha,Slavia Praha,SLP,2062,Czech Republic,CZE,1892,Sinobo Stadium,Red / White,http://www.slavia.cz,Vladivostocká 1460/2 Praha 10005,,Unknown,Unknown,,https://crests.football-data.org/930.png
110,SS Lazio,Lazio,LAZ,2114,Italy,ITA,1900,Stadio Olimpico,White / Sky Blue,http://www.sslazio.it,"Via di Santa Cornelia, 1000 Formello 00060",,Unknown,Unknown,,https://crests.football-data.org/110.png
113,SSC Napoli,Napoli,NAP,2114,Italy,ITA,1904,Stadio San Paolo,Sky Blue / White,http://www.sscnapoli.it,"Centro Tecnico di Castel Volturno, Via S.S. Domitana, Km 35 Castel Volturno 81030",,Unknown,Unknown,,https://crests.football-data.org/113.png
719,SV 07 Elversberg,Elversberg,ELV,2088,Germany,DEU,1907,Ursapharm-Arena an der Kaiserlinde,Black / White,http://www.sv07elversberg.de,St. Ingberter Straße 8 Spiesen-Elversberg 66583,,Unknown,Unknown,,https://crests.football-data.org/719.png
12,SV Werder Bremen,Bremen,SVW,2088,Germany,DEU,1899,Weserstadion,Green / White,http://www.werder.de,Franz-Böhmert-Str. 1c Bremen 28205,,Unknown,Unknown,,https://crests.football-data.org/12.png
559,Sevilla FC,Sevilla FC,SEV,2224,Spain,ESP,1905,Estadio Ramón Sánchez Pizjuán,White / Red,http://www.sevillafc.es,"Calle Sevilla Fútbol Club, s/n Sevilla 41005",,Unknown,Unknown,,https://crests.football-data.org/559.png
1903,Sport Lisboa e Benfica,SL Benfica,BEN,2187,Portugal,POR,1904,Estádio do Sport Lisboa e Benfica,Unknown,https://www.slbenfica.pt,Avenida General Norton de Matos 1500 Lissabon null,,Unknown,Unknown,,https://crests.football-data.org/1903.png
498,Sporting Clube de Portugal,Sporting CP,SPO,2187,Portugal,POR,1906,Estádio José Alvalade,Green / White,http://www.sporting.pt,"Edifício Visconde de Alvalade, Apartado 42099 Lisboa 1601-801",,Unknown,Unknown,,https://crests.football-data.org/498.png
71,Sunderland AFC,Sunderland,SUN,2072,England,ENG,1879,Stadium of Light,Red / White,http://www.safc.com,The Sunderland Stadium of Light Sunderland SR5 1SU,,Unknown,Unknown,,https://crests.football-data.org/71.png
2,TSG 1899 Hoffenheim,Hoffenheim,TSG,2088,Germany,DEU,1921,PreZero Arena,Blue / White,http://www.achtzehn99.de,Horrenberger Straße 58 Zuzenhausen 74939,,Unknown,Unknown,,https://crests.football-data.org/2.png
586,Torino FC,Torino,TOR,2114,Italy,ITA,1894,Stadio Olimpico di Torino,Brown / White,http://www.torinofc.it,Via Arcivescovado 1 Torino 10122,,Unknown,Unknown,,https://crests.football-data.org/586.png
73,Tottenham Hotspur FC,Tottenham,TOT,2072,England,ENG,1882,Tottenham Hotspur Stadium,Navy Blue / White,http://www.tottenhamhotspur.com,"Bill Nicholson Way, 748 High Road London N17 0AP",,Unknown,Unknown,,https://crests.football-data.org/73.png
5890,US Lecce,Lecce,USL,2114,Italy,ITA,1908,Stadio Comunale Via Del Mare,Yellow / Red / Navy Blue,http://www.uslecce.it,Via Templari 11 Lecce 73100,,Unknown,Unknown,,https://crests.football-data.org/5890.png
471,US Sassuolo Calcio,Sassuolo,SAS,2114,Italy,ITA,1920,Mapei Stadium - Città del Tricolore,Green / Black,http://www.sassuolocalcio.it,"Piazza Risorgimento, 47 Sassuolo 41049",,Unknown,Unknown,,https://crests.football-data.org/471.png
115,Udinese Calcio,Udinese,UDI,2114,Italy,ITA,1896,Dacia Arena,White / Black,http://www.udinese.it,Via Agostino e Angelo Candolini 2 Udine 33100,,Unknown,Unknown,,https://crests.football-data.org/115.png
95,Valencia CF,Valencia,VAL,2224,Spain,ESP,1919,Estadio de Mestalla,White / Orange / Black,http://www.valenciacf.com,"Plaza del Valencia Club de Fútbol, 2 Valencia 46010",,Unknown,Unknown,,https://crests.football-data.org/95.png
454,Venezia FC,Venezia FC,VEN,2114,Italy,ITA,1907,Stadio Pierluigi Penzo,Orange / Black / Green,http://www.veneziafc.club,"Viale Ancona, 43 Venezia 30172",,Unknown,Unknown,,https://crests.football-data.org/454.png
10,VfB Stuttgart,Stuttgart,VFB,2088,Germany,DEU,1893,Mercedes-Benz Arena,White / Red,http://www.vfb.de,Mercedesstraße 109 Stuttgart 70372,,Unknown,Unknown,,https://crests.football-data.org/10.png
94,Villarreal CF,Villarreal,VIL,2224,Spain,ESP,1923,Estadio de la Cerámica,Yellow / Blue,http://www.villarrealcf.es,"Camino Miralcamp, s/n Villarreal 12540",,Unknown,Unknown,,https://crests.football-data.org/94.png
