id,name,shortName,tla,founded,venue,clubColors,website,address,area.id,area.name,coach.name,crest
57,Arsenal FC,Arsenal,ARS,1886.0,Emirates Stadium,Red / White,http://www.arsenal.com,75 Drayton Park London N5 1BU,2072,England,Unknown,https://crests.football-data.org/57.png
58,Aston Villa FC,Aston Villa,AVL,1872.0,Villa Park,Claret / Sky Blue,http://www.avfc.co.uk,Villa Park Birmingham B6 6HE,2072,England,Unknown,https://crests.football-data.org/58.png
61,Chelsea FC,Chelsea,CHE,1905.0,Stamford Bridge,Royal Blue / White,http://www.chelseafc.com,Fulham Road London SW6 1HS,2072,England,Unknown,https://crests.football-data.org/61.png
62,Everton FC,Everton,EVE,1878.0,Goodison Park,Blue / White,http://www.evertonfc.com,Goodison Park Liverpool L4 4EL,2072,England,Unknown,https://crests.football-data.org/62.png
63,Fulham FC,Fulham,FUL,1879.0,Craven Cottage,White / Black,http://www.fulhamfc.com,"Craven Cottage, Stevenage Road London SW6 6HH",2072,England,Unknown,https://crests.football-data.org/63.png
64,Liverpool FC,Liverpool,LIV,1892.0,Anfield,Red / White,http://www.liverpoolfc.tv,Anfield Road Liverpool L4 0TH,2072,England,Unknown,https://crests.football-data.org/64.png
65,Manchester City FC,Man City,MCI,1880.0,Etihad Stadium,Sky Blue / White,https://www.mancity.com,SportCity Manchester M11 3FF,2072,England,Unknown,https://crests.football-data.org/65.png
66,Manchester United FC,Man United,MUN,1878.0,Old Trafford,Red / White,http://www.manutd.com,Sir Matt Busby Way Manchester M16 0RA,2072,England,Unknown,https://crests.football-data.org/66.png
67,Newcastle United FC,Newcastle,NEW,1881.0,St. James' Park,Black / White,http://www.nufc.co.uk,Sports Direct Arena Newcastle upon Tyne NE1 4ST,2072,England,Unknown,https://crests.football-data.org/67.png
71,Sunderland AFC,Sunderland,SUN,1879.0,Stadium of Light,Red / White,http://www.safc.com,The Sunderland Stadium of Light Sunderland SR5 1SU,2072,England,Unknown,https://crests.football-data.org/71.png
73,Tottenham Hotspur FC,Tottenham,TOT,1882.0,Tottenham Hotspur Stadium,Navy Blue / White,http://www.tottenhamhotspur.com,"Bill Nicholson Way, 748 High Road London N17 0AP",2072,England,Unknown,https://crests.football-data.org/73.png
322,Hull City AFC,Hull City,HUL,1904.0,Kingston Communications Stadium,Orange / Black,http://www.hullcitytigers.com,Walton Street Hull HU3 6HU,2072,England,Unknown,https://crests.football-data.org/322.png
341,Leeds United FC,Leeds United,LEE,1904.0,Elland Road,White / Blue,http://www.leedsunited.com,Elland Road Leeds LS11 0ES,2072,England,Unknown,https://crests.football-data.org/341.png
349,Ipswich Town FC,Ipswich Town,IPS,1887.0,Portman Road Stadium,Blue / White,http://www.itfc.co.uk,Portman Road Ipswich IP1 2DA,2072,England,Unknown,https://crests.football-data.org/349.png
351,Nottingham Forest FC,Nottingham,NOT,1865.0,The City Ground,Red / White,http://www.nottinghamforest.co.uk,"Pavilion Road, West Bridgeford Nottingham NG2 5GJ",2072,England,Unknown,https://crests.football-data.org/351.png
354,Crystal Palace FC,Crystal Palace,CRY,1905.0,Selhurst Park,Red / Blue,http://www.cpfc.co.uk,Whitehorse Lane London SE25 6PU,2072,England,Unknown,https://crests.football-data.org/354.png
397,Brighton & Hove Albion FC,Brighton Hove,BHA,1898.0,The American Express Community Stadium,Blue / White,http://www.seagulls.co.uk,44 North Road Brighton & Hove BN1 1YR,2072,England,Unknown,https://crests.football-data.org/397.png
402,Brentford FC,Brentford,BRE,1889.0,Griffin Park,Red / White / Black,http://www.brentfordfc.co.uk,Braemar Road Brentford TW8 0NT,2072,England,Unknown,https://crests.football-data.org/402.png
1044,AFC Bournemouth,Bournemouth,BOU,1890.0,Vitality Stadium,Red / Black,http://www.afcb.co.uk,"Dean Court, Kings Park Bournemouth BH7 7AF",2072,England,Unknown,https://crests.football-data.org/bournemouth.png
1076,Coventry City FC,Coventry City,COV,1883.0,St Andrew's Trillion Trophy Stadium,Sky Blue / White,http://www.ccfc.co.uk,"Gallagher Retail Park, Stoney Stanton Road Coventry CV6 5QE",2072,England,Unknown,https://crests.football-data.org/1076.png
77,Athletic Club,Athletic,ATH,1898.0,San Mamés,Red / White / Black,http://www.athletic-club.eus,"Ibaigane, Alameda Mazarredo, 23 Bilbao 48009",2224,Spain,Unknown,https://crests.football-data.org/77.png
78,Club Atlético de Madrid,Atleti,ATL,1903.0,Estadio Wanda Metropolitano,Red / White / Blue,http://www.clubatleticodemadrid.com,"Paseo Virgen del Puerto, 67 Madrid 28005",2224,Spain,Unknown,https://crests.football-data.org/78.png
79,CA Osasuna,Osasuna,OSA,1920.0,Estadio El Sadar,Red / Navy Blue,http://www.osasuna.es,"Calle del Sadar, s/n Pamplona 31006",2224,Spain,Unknown,https://crests.football-data.org/79.png
80,RCD Espanyol de Barcelona,Espanyol,ESP,1900.0,RCDE Stadium,Blue / White,http://www.rcdespanyol.com,"Avenida Baix Llobregat, 100 Cornellà de Llobregat 08940",2224,Spain,Unknown,https://crests.football-data.org/80.png
81,FC Barcelona,Barça,FCB,1899.0,Camp Nou,Red / Navy Blue / Orange,http://www.fcbarcelona.com,Avenida Arístides Maillol s/n Barcelona 08028,2224,Spain,Unknown,https://crests.football-data.org/81.png
82,Getafe CF,Getafe,GET,1946.0,Coliseum Alfonso Pérez,Blue / White,http://www.getafecf.com,"Avenida Teresa de Calcuta, s/n Getafe 28903",2224,Spain,Unknown,https://crests.football-data.org/82.png
84,Málaga CF,Málaga,MAL,1933.0,Estadio La Rosaleda,Blue / White,http://www.malagacf.es,"Paseo de Martiricos, s/n Málaga 29011",2224,Spain,Unknown,https://crests.football-data.org/84.png
86,Real Madrid CF,Real Madrid,RMA,1902.0,Estadio Santiago Bernabéu,White / Purple,http://www.realmadrid.com,"Avenida Concha Espina, 1 Madrid 28036",2224,Spain,Unknown,https://crests.football-data.org/86.png
87,Rayo Vallecano de Madrid,Rayo Vallecano,RAY,1924.0,Estadio del Rayo Vallecano,White / Red,http://www.rayovallecano.es,"Calle del Payaso Fofó, s/n Madrid 28018",2224,Spain,Unknown,https://crests.football-data.org/87.png
88,Levante UD,Levante,LEV,1909.0,Estadio Ciudad de Valencia,Crimson / Blue,http://www.levanteud.com,"Calle San Vicente de Paúl, 44 Valencia 46019",2224,Spain,Unknown,https://crests.football-data.org/88.png
90,Real Betis Balompié,Real Betis,BET,1907.0,Estadio Benito Villamarín,Green / White,http://www.realbetisbalompie.es,"Avenida de Heliópolis, s/n Sevilla 41012",2224,Spain,Unknown,https://crests.football-data.org/90.png
92,Real Sociedad de Fútbol,Real Sociedad,RSO,1903.0,Estadio Municipal de Anoeta,Blue / White,http://www.realsociedad.com,"Anoeta Pasalekua, 1 San Sebastián 20014",2224,Spain,Unknown,https://crests.football-data.org/92.png
94,Villarreal CF,Villarreal,VIL,1923.0,Estadio de la Cerámica,Yellow / Blue,http://www.villarrealcf.es,"Camino Miralcamp, s/n Villarreal 12540",2224,Spain,Unknown,https://crests.football-data.org/94.png
95,Valencia CF,Valencia,VAL,1919.0,Estadio de Mestalla,White / Orange / Black,http://www.valenciacf.com,"Plaza del Valencia Club de Fútbol, 2 Valencia 46010",2224,Spain,Unknown,https://crests.football-data.org/95.png
263,Deportivo Alavés,Alavés,ALA,1921.0,Estadio de Mendizorroza,Blue / White,http://www.alaves.com,"Mendizorroza, Paseo Cervantes, s/n Vitoria 01007",2224,Spain,Unknown,https://crests.football-data.org/263.png
285,Elche CF,Elche,ELC,1923.0,Estadio Manuel Martínez Valero,White / Green,http://www.elchecf.es,"Avenida Manuel Martínez Valero, 3 Elche 03208",2224,Spain,Unknown,https://crests.football-data.org/285.png
558,RC Celta de Vigo,Celta,CEL,1923.0,Estadio de Balaídos,Sky Blue / White,http://www.celtavigo.net,"Calle del Conde de Gondomar, 1 Vigo 36203",2224,Spain,Unknown,https://crests.football-data.org/558.png
559,Sevilla FC,Sevilla FC,SEV,1905.0,Estadio Ramón Sánchez Pizjuán,White / Red,http://www.sevillafc.es,"Calle Sevilla Fútbol Club, s/n Sevilla 41005",2224,Spain,Unknown,https://crests.football-data.org/559.png
560,RC Deportivo La Coruña,Deportivo,DEP,1906.0,Estadio Abanca-Riazor,Blue / White,http://www.rcdeportivo.es,"Plaza de Pontevedra, 19 A Coruña 15003",2224,Spain,Unknown,https://crests.football-data.org/560.png
5335,Real Racing Club de Santander,Santander,SAN,1913.0,Campos de Sport de El Sardinero,White / Black / Green,http://www.realracingclub.com,"Calle Real Racing Club, s/n Santander 39005",2224,Spain,Unknown,https://crests.football-data.org/5335.png
3,Bayer 04 Leverkusen,Leverkusen,B04,1904.0,BayArena,Red / White / Black,http://www.bayer04.de,Bismarckstr. 122-124 Leverkusen 51373,2088,Germany,Unknown,https://crests.football-data.org/3.png
4,Borussia Dortmund,Dortmund,BVB,1909.0,Signal Iduna Park,Black / Yellow,http://www.bvb.de,Rheinlanddamm 207-209 Dortmund 44137,2088,Germany,Unknown,https://crests.football-data.org/4.png
5,FC Bayern München,Bayern,FCB,1900.0,Allianz Arena,Red / White / Blue,http://www.fcbayern.de,Säbenerstr. 51 München 81547,2088,Germany,Unknown,https://crests.football-data.org/5.png
19,Eintracht Frankfurt,Frankfurt,SGE,1899.0,Deutsche Bank Park,Red / Black,http://www.eintracht.de,Mörfelder Landstraße 362 Frankfurt am Main 60528,2088,Germany,Unknown,https://crests.football-data.org/19.png
102,Atalanta BC,Atalanta,ATA,1904.0,Stadio Atleti Azzurri d'Italia,Black / Blue,http://www.atalanta.it,"Corso Europa, 46, Zingonia Ciserano 24040",2114,Italy,Unknown,https://crests.football-data.org/102.png
108,FC Internazionale Milano,Inter,INT,1908.0,Stadio Giuseppe Meazza,Blue / Black,http://www.inter.it,Corso Vittorio Emanuele II 9 Milano 20122,2114,Italy,Unknown,https://crests.football-data.org/108.png
109,Juventus FC,Juventus,JUV,1897.0,Allianz Stadium,White / Black,http://www.juventus.com,"Corso Galileo Ferraris, 32 Torino 10128",2114,Italy,Unknown,https://crests.football-data.org/109.png
113,SSC Napoli,Napoli,NAP,1904.0,Stadio San Paolo,Sky Blue / White,http://www.sscnapoli.it,"Centro Tecnico di Castel Volturno, Via S.S. Domitana, Km 35 Castel Volturno 81030",2114,Italy,Unknown,https://crests.football-data.org/113.png
498,Sporting Clube de Portugal,Sporting CP,SPO,1906.0,Estádio José Alvalade,Green / White,http://www.sporting.pt,"Edifício Visconde de Alvalade, Apartado 42099 Lisboa 1601-801",2187,Portugal,Unknown,https://crests.football-data.org/498.png
516,Olympique de Marseille,Marseille,MAR,1898.0,Orange Vélodrome,White / Blue,http://www.om.net,"La Commanderie, 33, traverse de La Martine Marseille 13012",2081,France,Unknown,https://crests.football-data.org/516.png
524,Paris Saint-Germain FC,PSG,PSG,1904.0,Parc des Princes,Red / Blue / White,http://www.psg.fr,"24, rue de Commandant Guibaud Paris 7501",2081,France,Unknown,https://crests.football-data.org/524.png
548,AS Monaco FC,Monaco,ASM,1919.0,Stade Louis II.,Red / White,http://www.asmonaco.com,Avenue des Castellans Monaco 98000,2152,Monaco,Unknown,https://crests.football-data.org/548.png
610,Galatasaray SK,Galatasaray,GAL,1905.0,Türk Telekom Arena,Red / Yellow,http://www.galatasaray.org,"Türk Telekom Arena Stadyumu, Huzur Mahallesi, Şişli İstanbul 34415",2247,Turkey,Unknown,https://crests.football-data.org/610.png
611,Qarabağ Ağdam FK,Qarabağ Ağdam,QAR,1951.0,Tofiq Bəhramov adına Respublika stadionu,Black / White,http://www.qarabagh.com,"Bakı şəhəri.Suraxanı, qəsəbəsi Ağdam null",2017,Azerbaijan,Unknown,https://crests.football-data.org/611.png
654,PAE Olympiakos SFP,Olympiakos,OLY,1925.0,Stadio Georgios Karaiskáki,Red / White,http://www.olympiacos.org,Plateia Alexandras Piraeus 18534,2093,Greece,Unknown,https://crests.football-data.org/654.png
674,PSV,PSV,PSV,1913.0,Philips Stadion,Red / White,http://www.psv.nl,Fredriklaan 10a Eindhoven 5616 NH,2163,Netherlands,Unknown,https://crests.football-data.org/674.png
678,AFC Ajax,Ajax,AJA,1900.0,Johan Cruyff ArenA,Red / White,http://www.ajax.nl,ArenA Boulevard 29 Amsterdam 1101 AX,2163,Netherlands,Unknown,https://crests.football-data.org/678.png
851,Club Brugge KV,Club Brugge,BRU,1894.0,Jan Breydelstadion,Blue / Black,http://www.clubbrugge.be,Olympialaan 74 Brugge 8200,2023,Belgium,Unknown,https://crests.football-data.org/851.png
930,SK Slavia Praha,Slavia Praha,SLP,1892.0,Sinobo Stadium,Red / White,http://www.slavia.cz,Vladivostocká 1460/2 Praha 10005,2062,Czech Republic,Unknown,https://crests.football-data.org/930.png
1876,FC København,København,KOB,1992.0,Telia Parken,White / Blue,http://www.fck.dk,Per Henrik Lings Allé 2 København 2100,2065,Denmark,Unknown,https://crests.football-data.org/1876.png
1903,Sport Lisboa e Benfica,SL Benfica,BEN,1904.0,Estádio do Sport Lisboa e Benfica,,https://www.slbenfica.pt,Avenida General Norton de Matos 1500 Lissabon null,2187,Portugal,Unknown,https://crests.football-data.org/1903.png
3929,Royale Union Saint-Gilloise,Union SG,USG,1897.0,Stade Joseph Mariën,Blue / Yellow,http://www.rusg.brussels,"Chaussée de Bruxelles, 223 Forest 1190",2023,Belgium,Unknown,https://crests.football-data.org/3929.png
5721,FK Bodø/Glimt,Bodø/Glimt,FK,1916.0,Aspmyra Stadion,Yellow / Black,http://www.glimt.no,Postboks 179 Bodø 8001,2173,Norway,Unknown,https://crests.football-data.org/5721.png
10601,FK Kairat,FK Kairat,KAI,,Unknown,,,null null null,2119,Kazakhstan,Unknown,https://crests.football-data.org/10601.png
11034,Paphos FC,Paphos FC,AEP,,Alphamega Stadium,,,null null null,2061,Cyprus,Unknown,https://crests.football-data.org/11034.png
1,1. FC Köln,1. FC Köln,KOE,1948.0,RheinEnergieSTADION,Red / White,http://www.fc-koeln.de,Franz-Kremer-Allee 1 Köln 50937,2088,Germany,Unknown,https://crests.football-data.org/1.png
2,TSG 1899 Hoffenheim,Hoffenheim,TSG,1921.0,PreZero Arena,Blue / White,http://www.achtzehn99.de,Horrenberger Straße 58 Zuzenhausen 74939,2088,Germany,Unknown,https://crests.football-data.org/2.png
6,FC Schalke 04,Schalke,S04,1904.0,Veltins-Arena,Blue / White,http://www.schalke04.de,Ernst-Kuzorra-Weg 1 Gelsenkirchen 45891,2088,Germany,Unknown,https://crests.football-data.org/6.png
7,Hamburger SV,HSV,HSV,1887.0,Volksparkstadion,White / Red / Blue,http://www.hsv.de,Sylvesterallee 7 Hamburg 22525,2088,Germany,Unknown,https://crests.football-data.org/7.png
10,VfB Stuttgart,Stuttgart,VFB,1893.0,Mercedes-Benz Arena,White / Red,http://www.vfb.de,Mercedesstraße 109 Stuttgart 70372,2088,Germany,Unknown,https://crests.football-data.org/10.png
12,SV Werder Bremen,Bremen,SVW,1899.0,Weserstadion,Green / White,http://www.werder.de,Franz-Böhmert-Str. 1c Bremen 28205,2088,Germany,Unknown,https://crests.football-data.org/12.png
15,1. FSV Mainz 05,Mainz,M05,1905.0,Opel Arena,Red / White,http://www.mainz05.de,Dr.-Martin-Luther-King-Weg 20 Mainz 55122,2088,Germany,Unknown,https://crests.football-data.org/15.png
16,FC Augsburg,Augsburg,FCA,1907.0,WWK Arena,Red / Green / White,http://www.fcaugsburg.de,Donauwörther Straße 170 Augsburg 86154,2088,Germany,Unknown,https://crests.football-data.org/16.png
17,SC Freiburg,Freiburg,SCF,1912.0,Schwarzwald-Stadion,Red / White,http://www.scfreiburg.com,Schwarzwaldstraße 193 Freiburg 79117,2088,Germany,Unknown,https://crests.football-data.org/17.png
18,Borussia Mönchengladbach,M'gladbach,BMG,1900.0,Stadion im Borussia-Park,Black / White / Green,http://www.borussia.de,Hennes-Weisweiler-Allee 1 Mönchengladbach 41179,2088,Germany,Unknown,https://crests.football-data.org/18.png
28,1. FC Union Berlin,Union Berlin,UNB,1906.0,Stadion An der Alten Försterei,Red / White,http://www.fc-union-berlin.de,An der Wuhlheide 263 Berlin 12555,2088,Germany,Unknown,https://crests.football-data.org/28.png
29,SC Paderborn 07,SC Paderborn,SCP,1985.0,Benteler-Arena,Black / Blue,http://www.scpaderborn07.de,Paderborner Str. 89 Paderborn 33104,2088,Germany,Unknown,https://crests.football-data.org/29.png
719,SV 07 Elversberg,Elversberg,ELV,1907.0,Ursapharm-Arena an der Kaiserlinde,Black / White,http://www.sv07elversberg.de,St. Ingberter Straße 8 Spiesen-Elversberg 66583,2088,Germany,Unknown,https://crests.football-data.org/719.png
721,RB Leipzig,RB Leipzig,RBL,2009.0,Red Bull Arena,White / Red,http://www.dierotenbullen.com,Neumarkt 29-33 Leipzig 04109,2088,Germany,Unknown,https://crests.football-data.org/721.png
98,AC Milan,Milan,MIL,1899.0,Stadio Giuseppe Meazza,Red / Black,http://www.acmilan.com,Via Filippo Turati 3 Milano 20121,2114,Italy,Unknown,https://crests.football-data.org/98.png
99,ACF Fiorentina,Fiorentina,FIO,1926.0,Stadio Artemio Franchi,Purple / White,http://www.acffiorentina.it,Viale Manfredo Fanti 4 Firenze 50137,2114,Italy,Unknown,https://crests.football-data.org/99.png
100,AS Roma,Roma,ROM,1927.0,Stadio Olimpico,Maroon / Orange / White,http://www.asroma.it,"Via di Trigoria km. 3,600 Roma 00128",2114,Italy,Unknown,https://crests.football-data.org/100.png
103,Bologna FC 1909,Bologna,BOL,1909.0,Stadio Renato Dall'Ara,Red / Blue / White,http://www.bolognafc.it,Via Casteldebole 10 Bologna 40132,2114,Italy,Unknown,https://crests.football-data.org/103.png
104,Cagliari Calcio,Cagliari,CAG,1920.0,Sardegna Arena,Red / Navy Blue / White,http://www.cagliaricalcio.net,Viale la Plaia 15 Cagliari 09123,2114,Italy,Unknown,https://crests.football-data.org/104.png
107,Genoa CFC,Genoa,GEN,1893.0,Stadio Comunale Luigi Ferraris,Red / Navy Blue,http://www.genoacfc.it,"Via Ronchi, 67 Genova 16155",2114,Italy,Unknown,https://crests.football-data.org/107.png
110,SS Lazio,Lazio,LAZ,1900.0,Stadio Olimpico,White / Sky Blue,http://www.sslazio.it,"Via di Santa Cornelia, 1000 Formello 00060",2114,Italy,Unknown,https://crests.football-data.org/110.png
112,Parma Calcio 1913,Parma,PAR,1913.0,Stadio Ennio Tardini,White / Black,http://www.parmacalcio1913.com,"Strada Carlo Pisacane, 4 Parma 43121",2114,Italy,Unknown,https://crests.football-data.org/112.png
115,Udinese Calcio,Udinese,UDI,1896.0,Dacia Arena,White / Black,http://www.udinese.it,Via Agostino e Angelo Candolini 2 Udine 33100,2114,Italy,Unknown,https://crests.football-data.org/115.png
454,Venezia FC,Venezia FC,VEN,1907.0,Stadio Pierluigi Penzo,Orange / Black / Green,http://www.veneziafc.club,"Viale Ancona, 43 Venezia 30172",2114,Italy,Unknown,https://crests.football-data.org/454.png
470,Frosinone Calcio,Frosinone,FRO,1912.0,Stadio Benito Stirpe,Yellow / Blue,http://www.frosinonecalcio.com,"Via Marittima, 2 Frosinone 03100",2114,Italy,Unknown,https://crests.football-data.org/470.png
471,US Sassuolo Calcio,Sassuolo,SAS,1920.0,Mapei Stadium - Città del Tricolore,Green / Black,http://www.sassuolocalcio.it,"Piazza Risorgimento, 47 Sassuolo 41049",2114,Italy,Unknown,https://crests.football-data.org/471.png
586,Torino FC,Torino,TOR,1894.0,Stadio Olimpico di Torino,Brown / White,http://www.torinofc.it,Via Arcivescovado 1 Torino 10122,2114,Italy,Unknown,https://crests.football-data.org/586.png
5890,US Lecce,Lecce,USL,1908.0,Stadio Comunale Via Del Mare,Yellow / Red / Navy Blue,http://www.uslecce.it,Via Templari 11 Lecce 73100,2114,Italy,Unknown,https://crests.football-data.org/5890.png
5911,AC Monza,Monza,MON,1912.0,Stadio Comunale Brianteo,Red / White,http://www.monza1912.it,"Via Ragazzi del '99, 14 Monza 20900",2114,Italy,Unknown,https://crests.football-data.org/5911.png
7397,Como 1907,Como 1907,COM,1907.0,Stadio Giuseppe Sinigaglia,Sky Blue / White,http://www.como1907.net/,Viale Sinigaglia 2 Como 22100,2114,Italy,Unknown,https://crests.football-data.org/7397.png
